570,Dota 2,['Valve'],True,0,"9 Jul, 2013","['Action', 'Free to Play', 'Strategy']","['Multi-player', 'Co-op', 'Steam Trading Cards', 'Steam Workshop', 'SteamVR Collectibles', 'In-App Purchases', 'Valve Anti-Cheat enabled']"
730,Counter-Strike: Global Offensive,"['Valve', 'Hidden Path Entertainment']",True,0,"21 Aug, 2012","['Action', 'Free to Play']","['Multi-player', 'Steam Achievements', 'Full controller support', 'Steam Trading Cards', 'Steam Workshop', 'In-App Purchases', 'Valve Anti-Cheat enabled', 'Stats', 'Remote Play on Phone', 'Remote Play on Tablet', 'Remote Play on TV']"
1172470,Apex Legends™,['Respawn Entertainment'],True,0,"4 Nov, 2020","['Action', 'Adventure', 'Free to Play']","['Multi-player', 'PvP', 'Online PvP', 'Co-op', 'Online Co-op', 'Steam Achievements', 'Full controller support', 'Steam Trading Cards', 'In-App Purchases']"
578080,PUBG: BATTLEGROUNDS,"['KRAFTON, Inc.']",True,0,"21 Dec, 2017","['Action', 'Adventure', 'Free to Play', 'Massively Multiplayer']","['Multi-player', 'PvP', 'Online PvP', 'Stats', 'Remote Play on Phone', 'Remote Play on Tablet']"
1063730,New World,['Amazon Games'],False,0,"28 Sep, 2021","['Action', 'Adventure', 'Massively Multiplayer', 'RPG']","['Multi-player', 'MMO', 'PvP', 'Online PvP', 'Co-op', 'Online Co-op', 'Steam Achievements', 'In-App Purchases']"
440,Team Fortress 2,['Valve'],True,0,"10 Oct, 2007","['Action', 'Free to Play']","['Multi-player', 'Cross-Platform Multiplayer', 'Steam Achievements', 'Steam Trading Cards', 'Captions available', 'Steam Workshop', 'In-App Purchases', 'Partial Controller Support', 'Valve Anti-Cheat enabled', 'Stats', 'Includes level editor', 'Commentary available', 'Remote Play on Phone', 'Remote Play on Tablet']"
271590,Grand Theft Auto V,['Rockstar North'],False,17,"Apr 13, 2015","['Action', 'Adventure']","['Single-player', 'Multi-player', 'PvP', 'Online PvP', 'Co-op', 'Online Co-op', 'Steam Achievements', 'Full controller support', 'Remote Play on Phone', 'Remote Play on Tablet', 'Remote Play on TV']"
304930,Unturned,['Smartly Dressed Games'],True,0,"7 Jul, 2017","['Action', 'Adventure', 'Casual', 'Free to Play', 'Indie']","['Single-player', 'Multi-player', 'PvP', 'Online PvP', 'LAN PvP', 'Co-op', 'Online Co-op', 'LAN Co-op', 'Steam Achievements', 'Steam Trading Cards', 'Steam Workshop', 'In-App Purchases', 'Steam Cloud', 'Valve Anti-Cheat enabled', 'Stats', 'Includes level editor', 'Remote Play on Tablet']"
550,Left 4 Dead 2,['Valve'],False,0,"16 Nov, 2009",['Action'],"['Single-player', 'Multi-player', 'PvP', 'Online PvP', 'Co-op', 'Online Co-op', 'Steam Achievements', 'Full controller support', 'Steam Trading Cards', 'Captions available', 'Steam Workshop', 'Steam Cloud', 'Valve Anti-Cheat enabled', 'Stats', 'Includes Source SDK', 'Commentary available', 'Remote Play on Phone', 'Remote Play on Tablet', 'Remote Play on TV', 'Remote Play Together']"
252490,Rust,['Facepunch Studios'],False,17,"Feb 8, 2018","['Action', 'Adventure', 'Indie', 'Massively Multiplayer', 'RPG']","['Multi-player', 'MMO', 'PvP', 'Online PvP', 'Co-op', 'Online Co-op', 'Cross-Platform Multiplayer', 'Steam Achievements', 'Steam Trading Cards', 'Steam Workshop', 'In-App Purchases', 'Valve Anti-Cheat enabled', 'Stats', 'Remote Play on Tablet']"
230410,Warframe,['Digital Extremes'],True,18,"25 Mar, 2013","['Action', 'Free to Play', 'RPG']","['Single-player', 'Multi-player', 'Co-op', 'Online Co-op', 'Steam Achievements', 'Full controller support', 'Steam Trading Cards', 'Steam Workshop', 'In-App Purchases', 'Remote Play on Phone', 'Remote Play on Tablet']"
1599340,Lost Ark,['Smilegate RPG'],True,18,"11 Feb, 2022","['Action', 'Adventure', 'Free to Play', 'Massively Multiplayer', 'RPG']","['Single-player', 'Multi-player', 'MMO', 'PvP', 'Online PvP', 'Co-op', 'Online Co-op', 'Steam Achievements', 'In-App Purchases', 'Partial Controller Support']"
105600,Terraria,['Re-Logic'],False,0,"16 May, 2011","['Action', 'Adventure', 'Indie', 'RPG']","['Single-player', 'Multi-player', 'PvP', 'Online PvP', 'Co-op', 'Online Co-op', 'Steam Achievements', 'Full controller support', 'Steam Trading Cards', 'Steam Cloud', 'Remote Play on Phone', 'Remote Play on Tablet', 'Remote Play on TV']"
4000,Garry's Mod,['Facepunch Studios'],False,0,"29 Nov, 2006","['Indie', 'Simulation']","['Single-player', 'Multi-player', 'PvP', 'Online PvP', 'LAN PvP', 'Co-op', 'Online Co-op', 'LAN Co-op', 'Cross-Platform Multiplayer', 'Steam Achievements', 'Steam Trading Cards', 'Captions available', 'Steam Workshop', 'Steam Cloud', 'Valve Anti-Cheat enabled', 'Includes level editor', 'Remote Play on Tablet']"
1245620,ELDEN RING,['FromSoftware Inc.'],False,16,"24 Feb, 2022","['Action', 'RPG']","['Single-player', 'Multi-player', 'PvP', 'Online PvP', 'Co-op', 'Online Co-op', 'Steam Achievements', 'Full controller support', 'Steam Trading Cards', 'Steam Cloud']"
291550,Brawlhalla,['Blue Mammoth Games'],True,0,"17 Oct, 2017","['Action', 'Free to Play', 'Indie']","['Single-player', 'Multi-player', 'PvP', 'Online PvP', 'Shared/Split Screen PvP', 'Co-op', 'Online Co-op', 'Shared/Split Screen Co-op', 'Shared/Split Screen', 'Cross-Platform Multiplayer', 'Steam Achievements', 'Full controller support', 'Steam Trading Cards', 'Remote Play on Phone', 'Remote Play on Tablet', 'Remote Play on TV', 'Remote Play Together']"
236390,War Thunder,['Gaijin Entertainment'],True,0,"15 Aug, 2013","['Action', 'Free to Play', 'Massively Multiplayer', 'Simulation']","['Single-player', 'Multi-player', 'MMO', 'PvP', 'Online PvP', 'Co-op', 'Online Co-op', 'Cross-Platform Multiplayer', 'Steam Achievements', 'Full controller support', 'VR Supported', 'In-App Purchases', 'Remote Play on Phone', 'Remote Play on Tablet']"
359550,Tom Clancy's Rainbow Six® Siege,['Ubisoft Montreal'],False,0,"1 Dec, 2015",['Action'],"['Single-player', 'Multi-player', 'PvP', 'Online PvP', 'Co-op', 'Online Co-op', 'Steam Trading Cards', 'In-App Purchases', 'Partial Controller Support', 'Remote Play on Phone', 'Remote Play on Tablet']"
945360,Among Us,['Innersloth'],False,0,"16 Nov, 2018",['Casual'],"['Multi-player', 'PvP', 'Online PvP', 'LAN PvP', 'Co-op', 'Online Co-op', 'LAN Co-op', 'Cross-Platform Multiplayer', 'Full controller support', 'Remote Play on Phone', 'Remote Play on Tablet']"
431960,Wallpaper Engine,['Wallpaper Engine Team'],False,0,Nov 2018,"['Casual', 'Indie', 'Animation & Modeling', 'Design & Illustration', 'Photo Editing', 'Utilities']","['Steam Achievements', 'Steam Trading Cards', 'Steam Workshop', 'Steam Workshop', 'Includes level editor']"
1085660,Destiny 2,['Bungie'],True,0,"1 Oct, 2019","['Action', 'Adventure', 'Free to Play']","['Single-player', 'Multi-player', 'PvP', 'Online PvP', 'Co-op', 'Online Co-op', 'Steam Achievements', 'Full controller support', 'In-App Purchases', 'Remote Play on Phone', 'Remote Play on Tablet', 'Remote Play on TV']"
238960,Path of Exile,['Grinding Gear Games'],True,0,"23 Oct, 2013","['Action', 'Adventure', 'Free to Play', 'Indie', 'Massively Multiplayer', 'RPG']","['Single-player', 'Multi-player', 'MMO', 'PvP', 'Online PvP', 'Co-op', 'Steam Achievements', 'Full controller support', 'Steam Trading Cards', 'In-App Purchases', 'Remote Play on Tablet']"
218620,PAYDAY 2,['OVERKILL - a Starbreeze Studio.'],False,18,"13 Aug, 2013","['Action', 'RPG']","['Single-player', 'Multi-player', 'Co-op', 'Online Co-op', 'Steam Achievements', 'Full controller support', 'Tracked Controller Support', 'VR Supported', 'Steam Trading Cards', 'In-App Purchases', 'Steam Cloud', 'Remote Play on Phone', 'Remote Play on Tablet', 'Remote Play on TV']"
892970,Valheim,['Iron Gate AB'],False,0,"2 Feb, 2021","['Action', 'Adventure', 'Indie', 'RPG', 'Early Access']","['Single-player', 'Multi-player', 'Co-op', 'Online Co-op', 'Full controller support', 'Steam Cloud', 'Remote Play on Tablet']"
1091500,Cyberpunk 2077,['CD PROJEKT RED'],False,18,"9 Dec, 2020",['RPG'],"['Single-player', 'Steam Achievements', 'Steam Trading Cards', 'Partial Controller Support', 'Steam Cloud']"
1097150,Fall Guys,['Mediatonic'],False,0,"3 Aug, 2020","['Action', 'Casual', 'Indie', 'Massively Multiplayer', 'Sports']","['Multi-player', 'MMO', 'PvP', 'Online PvP', 'Co-op', 'Online Co-op', 'Steam Achievements', 'In-App Purchases', 'Partial Controller Support', 'Remote Play on Phone', 'Remote Play on Tablet']"
242760,The Forest,['Endnight Games Ltd'],False,18,"30 Apr, 2018","['Action', 'Adventure', 'Indie', 'Simulation']","['Single-player', 'Multi-player', 'Co-op', 'Online Co-op', 'LAN Co-op', 'Tracked Controller Support', 'VR Supported', 'Partial Controller Support', 'Steam Cloud']"
346110,ARK: Survival Evolved,"['Studio Wildcard', 'Instinct Games', 'Efecto Studios', 'Virtual Basement LLC']",False,0,"27 Aug, 2017","['Action', 'Adventure', 'Indie', 'Massively Multiplayer', 'RPG']","['Single-player', 'Multi-player', 'MMO', 'Co-op', 'Steam Achievements', 'Full controller support', 'Steam Workshop', 'Steam Cloud', 'Valve Anti-Cheat enabled', 'Includes level editor', 'Remote Play on Tablet']"
1468810,鬼谷八荒 Tale of Immortal,['鬼谷工作室'],False,0,"27 Jan, 2021","['Action', 'Adventure', 'Indie', 'RPG', 'Simulation', 'Early Access']","['Single-player', 'Steam Achievements', 'Steam Workshop', 'Steam Cloud', 'Remote Play on Tablet']"
444090,Paladins®,['Evil Mojo Games'],True,0,"8 May, 2018","['Action', 'Adventure', 'Free to Play', 'Massively Multiplayer', 'Strategy']","['Multi-player', 'PvP', 'Online PvP', 'Steam Achievements', 'Full controller support', 'Steam Trading Cards', 'In-App Purchases', 'Remote Play on Phone', 'Remote Play on Tablet']"
10,Counter-Strike,['Valve'],False,0,"1 Nov, 2000",['Action'],"['Multi-player', 'PvP', 'Online PvP', 'Shared/Split Screen PvP', 'Valve Anti-Cheat enabled']"
49520,Borderlands 2,"['Gearbox Software', 'Aspyr (Mac)', 'Aspyr (Linux)']",False,17,"20 Sep, 2012","['Action', 'RPG']","['Single-player', 'Multi-player', 'Co-op', 'Steam Achievements', 'Full controller support', 'Steam Trading Cards', 'Steam Cloud', 'Remote Play on Phone', 'Remote Play on Tablet', 'Remote Play on TV']"
272060,Serena,['Senscape'],True,0,"30 Jan, 2014","['Adventure', 'Indie']",['Single-player']
292030,The Witcher® 3: Wild Hunt,['CD PROJEKT RED'],False,0,"18 May, 2015",['RPG'],"['Single-player', 'Steam Achievements', 'Full controller support', 'Steam Trading Cards', 'Steam Cloud', 'Remote Play on Tablet', 'Remote Play on TV']"
413150,Stardew Valley,['ConcernedApe'],False,0,"26 Feb, 2016","['Indie', 'RPG', 'Simulation']","['Single-player', 'Multi-player', 'Co-op', 'Online Co-op', 'LAN Co-op', 'Shared/Split Screen Co-op', 'Shared/Split Screen', 'Steam Achievements', 'Full controller support', 'Steam Trading Cards', 'Steam Cloud', 'Remote Play on Phone', 'Remote Play on Tablet', 'Remote Play Together']"
381210,Dead by Daylight,['Behaviour Interactive Inc.'],False,18,"14 Jun, 2016",['Action'],"['Multi-player', 'PvP', 'Online PvP', 'Co-op', 'Online Co-op', 'Cross-Platform Multiplayer', 'Steam Achievements', 'Full controller support', 'Steam Trading Cards', 'Steam Cloud', 'Remote Play on Phone', 'Remote Play on Tablet', 'Remote Play on TV']"
1240440,Halo Infinite,['343 Industries'],True,0,"15 Nov, 2021","['Action', 'Free to Play']","['Multi-player', 'PvP', 'Online PvP', 'LAN PvP', 'Cross-Platform Multiplayer', 'Steam Achievements', 'Full controller support', 'In-App Purchases', 'Steam Cloud', 'Remote Play on TV']"
227940,Heroes & Generals,['TLM Partners'],True,0,"18 Oct, 2016","['Action', 'Free to Play', 'Indie', 'Massively Multiplayer', 'Strategy']","['Multi-player', 'MMO', 'PvP', 'Online PvP', 'Co-op', 'Online Co-op', 'In-App Purchases', 'Stats']"
252950,Rocket League®,['Psyonix LLC'],False,0,"6 Jul, 2015","['Action', 'Indie', 'Racing', 'Sports']","['Single-player', 'Multi-player', 'PvP', 'Online PvP', 'Shared/Split Screen PvP', 'Co-op', 'Online Co-op', 'Shared/Split Screen Co-op', 'Shared/Split Screen', 'Cross-Platform Multiplayer', 'Steam Achievements', 'Full controller support', 'Steam Trading Cards', 'Steam Workshop', 'Steam Cloud', 'Stats', 'Remote Play on Phone', 'Remote Play on Tablet', 'Remote Play on TV', 'Remote Play Together']"
227300,Euro Truck Simulator 2,['SCS Software'],False,0,"12 Oct, 2012","['Indie', 'Simulation']","['Single-player', 'Multi-player', 'Co-op', 'Online Co-op', 'Steam Achievements', 'Steam Trading Cards', 'Steam Workshop', 'Partial Controller Support', 'Steam Cloud', 'Includes level editor', 'Remote Play on Phone', 'Remote Play on Tablet', 'Remote Play Together']"
620,Portal 2,['Valve'],False,0,"18 Apr, 2011","['Action', 'Adventure']","['Single-player', 'Multi-player', 'Co-op', 'Online Co-op', 'Shared/Split Screen Co-op', 'Shared/Split Screen', 'Steam Achievements', 'Full controller support', 'Steam Trading Cards', 'Captions available', 'Steam Workshop', 'Steam Workshop', 'Steam Cloud', 'Stats', 'Includes level editor', 'Commentary available', 'Remote Play on Phone', 'Remote Play on Tablet', 'Remote Play on TV', 'Remote Play Together']"
552990,World of Warships,['Wargaming Group Limited'],True,0,"15 Nov, 2017","['Action', 'Free to Play', 'Massively Multiplayer', 'Simulation']","['Multi-player', 'MMO', 'PvP', 'Online PvP', 'Co-op', 'Online Co-op', 'Steam Achievements', 'Steam Trading Cards', 'In-App Purchases', 'Steam Cloud']"
386360,SMITE®,['Titan Forge Games'],True,0,"8 Sep, 2015","['Action', 'Free to Play']","['Multi-player', 'Steam Achievements', 'Full controller support', 'Steam Trading Cards']"
739630,Phasmophobia,['Kinetic Games'],False,0,"18 Sep, 2020","['Action', 'Indie', 'Early Access']","['Single-player', 'Multi-player', 'Co-op', 'Online Co-op', 'Full controller support', 'Tracked Controller Support', 'Steam Cloud', 'Remote Play on Phone', 'Remote Play on Tablet']"
322330,Don't Starve Together,['Klei Entertainment'],False,0,"21 Apr, 2016","['Adventure', 'Indie', 'Simulation']","['Single-player', 'Multi-player', 'PvP', 'Online PvP', 'LAN PvP', 'Co-op', 'Online Co-op', 'LAN Co-op', 'Full controller support', 'Steam Trading Cards', 'Steam Workshop', 'In-App Purchases', 'Remote Play on Phone', 'Remote Play on Tablet', 'Remote Play on TV']"
438100,VRChat,['VRChat Inc.'],True,0,"1 Feb, 2017","['Adventure', 'Casual', 'Free to Play', 'Massively Multiplayer', 'Simulation', 'Sports', 'Early Access']","['Multi-player', 'MMO', 'PvP', 'Online PvP', 'Co-op', 'Online Co-op', 'Cross-Platform Multiplayer', 'Full controller support', 'Tracked Controller Support', 'VR Supported']"
755790,Ring of Elysium,['Aurora Studio'],True,0,"24 Jun, 2019","['Action', 'Free to Play', 'Massively Multiplayer']","['Multi-player', 'PvP', 'Online PvP']"
550650,Black Squad,"['VALOFE', 'NS STUDIO']",True,0,"26 Jun, 2019","['Action', 'Free to Play']","['Multi-player', 'Steam Achievements', 'Steam Trading Cards', 'In-App Purchases']"
301520,Robocraft,['Freejam'],True,0,"24 Aug, 2017","['Action', 'Free to Play', 'Indie', 'Massively Multiplayer', 'RPG', 'Simulation']","['Multi-player', 'MMO', 'PvP', 'Online PvP', 'Co-op', 'Online Co-op', 'Steam Achievements', 'Steam Trading Cards', 'In-App Purchases']"
240,Counter-Strike: Source,['Valve'],False,0,"1 Nov, 2004",['Action'],"['Multi-player', 'Cross-Platform Multiplayer', 'Steam Achievements', 'Steam Cloud', 'Valve Anti-Cheat enabled', 'Stats', 'Includes Source SDK']"
80,Counter-Strike: Condition Zero,['Valve'],False,0,"1 Mar, 2004",['Action'],"['Single-player', 'Multi-player', 'Valve Anti-Cheat enabled']"
477160,Human: Fall Flat,['No Brakes Games'],False,0,"22 Jul, 2016","['Adventure', 'Casual', 'Indie', 'Simulation']","['Single-player', 'Multi-player', 'PvP', 'Online PvP', 'Co-op', 'Shared/Split Screen Co-op', 'Shared/Split Screen', 'Steam Achievements', 'Full controller support', 'Steam Trading Cards', 'Steam Workshop', 'Steam Cloud', 'Stats', 'Remote Play on TV', 'Remote Play Together']"
990080,Hogwarts Legacy,['Avalanche Software'],False,0,"10 Feb, 2023","['Action', 'Adventure', 'RPG']","['Single-player', 'Steam Achievements', 'Full controller support', 'In-App Purchases', 'Steam Cloud']"
444200,World of Tanks Blitz,['Wargaming Group Limited'],True,0,"9 Nov, 2016","['Action', 'Free to Play', 'Massively Multiplayer']","['Multi-player', 'MMO', 'PvP', 'Online PvP', 'Co-op', 'Online Co-op', 'Cross-Platform Multiplayer', 'Steam Trading Cards', 'In-App Purchases']"
582010,Monster Hunter: World,"['CAPCOM Co., Ltd.']",False,0,"9 Aug, 2018",['Action'],"['Single-player', 'Multi-player', 'Co-op', 'Steam Achievements', 'Steam Trading Cards', 'Partial Controller Support', 'Steam Cloud', 'Stats', 'Steam Leaderboards', 'Remote Play on Tablet']"
648800,Raft,['Redbeet Interactive'],False,0,"20 Jun, 2022","['Adventure', 'Indie', 'Simulation']","['Single-player', 'Multi-player', 'Co-op', 'Online Co-op', 'Steam Achievements', 'Steam Cloud']"
433850,Z1 Battle Royale,['Daybreak Game Company'],True,0,"28 Feb, 2018","['Action', 'Adventure', 'Free to Play', 'Massively Multiplayer']","['Multi-player', 'PvP', 'Online PvP', 'In-App Purchases']"
1938090,Call of Duty®: Modern Warfare® II,"['Infinity Ward', 'Raven Software', 'Beenox', 'Treyarch', 'High Moon Studios', 'Sledgehammer Games', 'Activision Shanghai', 'Demonware', 'Toys for Bob']",False,18,"27 Oct, 2022",['Action'],"['Single-player', 'Multi-player', 'PvP', 'Online PvP', 'Co-op', 'Online Co-op', 'Cross-Platform Multiplayer', 'Steam Achievements', 'Full controller support', 'Captions available', 'In-App Purchases']"
400,Portal,['Valve'],False,0,"10 Oct, 2007",['Action'],"['Single-player', 'Steam Achievements', 'Captions available', 'Partial Controller Support', 'Includes level editor', 'Includes Source SDK', 'Commentary available', 'Remote Play on Phone', 'Remote Play on Tablet', 'Remote Play Together']"
304050,Trove,['gamigo US Inc.'],True,0,"9 Jul, 2015","['Action', 'Adventure', 'Casual', 'Free to Play', 'Massively Multiplayer', 'RPG']","['Multi-player', 'MMO', 'PvP', 'Online PvP', 'Co-op', 'Steam Achievements', 'Steam Trading Cards', 'Steam Workshop', 'In-App Purchases', 'Partial Controller Support']"
261550,Mount & Blade II: Bannerlord,['TaleWorlds Entertainment'],False,0,"25 Oct, 2022","['Action', 'Indie', 'RPG', 'Simulation', 'Strategy']","['Single-player', 'Multi-player', 'PvP', 'Online PvP', 'Steam Achievements', 'Steam Trading Cards', 'Steam Workshop', 'Partial Controller Support', 'Steam Cloud', 'Includes level editor', 'Remote Play on Tablet']"
489520,Minion Masters,['BetaDwarf'],True,0,"24 May, 2019","['Action', 'Adventure', 'Free to Play', 'Indie', 'RPG', 'Strategy']","['Single-player', 'Multi-player', 'PvP', 'Online PvP', 'Co-op', 'Online Co-op', 'Cross-Platform Multiplayer', 'Steam Achievements', 'Full controller support', 'Steam Trading Cards', 'In-App Purchases', 'Steam Cloud', 'Remote Play on Tablet']"
239140,Dying Light,['Techland'],False,18,"26 Jan, 2015","['Action', 'RPG']","['Single-player', 'Multi-player', 'PvP', 'Online PvP', 'Co-op', 'Online Co-op', 'Steam Achievements', 'Full controller support', 'Steam Trading Cards', 'Steam Workshop', 'Steam Cloud', 'Valve Anti-Cheat enabled', 'Includes level editor', 'Remote Play on Tablet', 'Remote Play on TV']"
251570,7 Days to Die,['The Fun Pimps'],False,0,"13 Dec, 2013","['Action', 'Adventure', 'Indie', 'RPG', 'Simulation', 'Strategy', 'Early Access']","['Single-player', 'Multi-player', 'PvP', 'Online PvP', 'LAN PvP', 'Co-op', 'Online Co-op', 'LAN Co-op', 'Cross-Platform Multiplayer', 'Steam Achievements', 'Full controller support', 'Steam Trading Cards', 'Includes level editor', 'Remote Play on Tablet', 'Remote Play on TV']"
8930,Sid Meier's Civilization® V,"['Firaxis Games', 'Aspyr (Mac)', 'Aspyr (Linux)']",False,0,"23 Sep, 2010",['Strategy'],"['Single-player', 'Multi-player', 'Steam Achievements', 'Steam Trading Cards', 'Steam Cloud', 'Remote Play on Tablet']"
367520,Hollow Knight,['Team Cherry'],False,0,"24 Feb, 2017","['Action', 'Adventure', 'Indie']","['Single-player', 'Steam Achievements', 'Full controller support', 'Steam Trading Cards', 'Steam Cloud', 'Remote Play on Phone', 'Remote Play on Tablet', 'Remote Play on TV']"
532210,Life is Strange 2,"['DONTNOD Entertainment', 'Feral Interactive (Mac)', 'Feral Interactive (Linux)']",True,18,"26 Sep, 2018",['Adventure'],"['Single-player', 'Steam Achievements', 'Full controller support', 'Steam Trading Cards', 'Steam Cloud', 'Remote Play on Phone', 'Remote Play on Tablet', 'Remote Play on TV']"
1517290,Battlefield™ 2042,['DICE'],False,0,"19 Nov, 2021","['Action', 'Adventure', 'Casual']","['Multi-player', 'PvP', 'Online PvP', 'Co-op', 'Online Co-op', 'Steam Achievements', 'Full controller support', 'Steam Trading Cards', 'In-App Purchases']"
218230,PlanetSide 2,['Rogue Planet Games'],True,0,"20 Nov, 2012","['Action', 'Free to Play', 'Massively Multiplayer']","['Multi-player', 'MMO', 'PvP', 'Online PvP', 'Steam Trading Cards', 'Steam Cloud']"
72850,The Elder Scrolls V: Skyrim,['Bethesda Game Studios'],False,18,"10 Nov, 2011",['RPG'],"['Single-player', 'Steam Achievements', 'Steam Trading Cards', 'Steam Workshop', 'Partial Controller Support', 'Steam Cloud']"
130,Half-Life: Blue Shift,['Gearbox Software'],False,0,"1 Jun, 2001",['Action'],"['Single-player', 'Remote Play Together']"
220,Half-Life 2,['Valve'],False,0,"Nov 16, 2004",['Action'],"['Single-player', 'Steam Achievements', 'Steam Trading Cards', 'Captions available', 'Partial Controller Support', 'Steam Cloud', 'Includes Source SDK', 'Remote Play on Phone', 'Remote Play on Tablet', 'Remote Play Together']"
80,Counter-Strike: Condition Zero,['Valve'],False,0,"1 Mar, 2004",['Action'],"['Single-player', 'Multi-player', 'Valve Anti-Cheat enabled']"
275390,Guacamelee! Super Turbo Championship Edition,['DrinkBox Studios'],False,0,"21 Aug, 2014","['Action', 'Adventure', 'Indie']","['Single-player', 'Multi-player', 'Co-op', 'Shared/Split Screen Co-op', 'Shared/Split Screen', 'Steam Achievements', 'Full controller support', 'Steam Trading Cards', 'Steam Workshop', 'Steam Cloud', 'Steam Leaderboards', 'Remote Play on Phone', 'Remote Play on Tablet', 'Remote Play on TV', 'Remote Play Together']"
96000,The Tiny Bang Story,['Colibri Games'],False,0,"22 Apr, 2011","['Adventure', 'Casual', 'Indie']","['Single-player', 'Steam Trading Cards']"
814380,Sekiro™: Shadows Die Twice - GOTY Edition,['FromSoftware'],False,17,"21 Mar, 2019","['Action', 'Adventure']","['Single-player', 'Steam Achievements', 'Full controller support', 'Steam Trading Cards', 'Steam Cloud', 'Remote Play on Tablet', 'Remote Play on TV']"
1174180,Red Dead Redemption 2,['Rockstar Games'],False,0,"5 Dec, 2019","['Action', 'Adventure']","['Single-player', 'Multi-player', 'PvP', 'Online PvP', 'Co-op', 'Online Co-op', 'Steam Achievements', 'In-App Purchases', 'Partial Controller Support', 'Remote Play on Phone', 'Remote Play on Tablet']"
1089350,NBA 2K20,['Visual Concepts'],False,0,"6 Sep, 2019","['Simulation', 'Sports']","['Single-player', 'Multi-player', 'PvP', 'Online PvP', 'Shared/Split Screen PvP', 'Co-op', 'Online Co-op', 'Shared/Split Screen Co-op', 'Shared/Split Screen', 'Steam Achievements', 'Full controller support', 'In-App Purchases', 'Steam Cloud', 'Remote Play on Phone', 'Remote Play on Tablet', 'Remote Play on TV', 'Remote Play Together']"
255710,Cities: Skylines,['Colossal Order Ltd.'],False,0,"10 Mar, 2015","['Simulation', 'Strategy']","['Single-player', 'Steam Achievements', 'Steam Trading Cards', 'Steam Workshop', 'Partial Controller Support', 'Steam Cloud', 'Includes level editor', 'Remote Play on Tablet']"
466240,Deceit,['World Makers'],True,0,"3 Mar, 2017","['Action', 'Free to Play', 'Indie']","['Multi-player', 'PvP', 'Online PvP', 'Steam Achievements', 'Steam Trading Cards', 'In-App Purchases', 'Partial Controller Support', 'Remote Play on Phone', 'Remote Play on Tablet']"
1046930,Dota Underlords,['Valve'],True,0,"20 Jun, 2019","['Casual', 'Free to Play', 'Strategy']","['Single-player', 'Multi-player', 'PvP', 'Online PvP', 'Cross-Platform Multiplayer', 'Partial Controller Support', 'Steam Cloud', 'Remote Play on Phone', 'Remote Play on Tablet']"
1203220,NARAKA: BLADEPOINT,['24 Entertainment'],False,0,"11 Aug, 2021","['Action', 'Adventure', 'Massively Multiplayer']","['Multi-player', 'PvP', 'Online PvP', 'In-App Purchases', 'Partial Controller Support']"
204360,Castle Crashers®,['The Behemoth'],False,0,"26 Sep, 2012","['Action', 'Adventure', 'Casual', 'Indie', 'RPG']","['Single-player', 'Multi-player', 'PvP', 'Online PvP', 'Shared/Split Screen PvP', 'Co-op', 'Online Co-op', 'Shared/Split Screen Co-op', 'Shared/Split Screen', 'Cross-Platform Multiplayer', 'Steam Achievements', 'Full controller support', 'Steam Trading Cards', 'Steam Cloud', 'Steam Leaderboards', 'Remote Play on Phone', 'Remote Play on Tablet', 'Remote Play on TV', 'Remote Play Together']"
370910,Kathy Rain,['Clifftop Games'],False,0,"5 May, 2016","['Adventure', 'Indie']","['Single-player', 'Steam Achievements', 'Steam Trading Cards', 'Steam Cloud']"
1222670,The Sims™ 4,['Maxis'],True,0,"18 Jun, 2020","['Adventure', 'Casual', 'Free to Play', 'Simulation']","['Single-player', 'Steam Trading Cards', 'Remote Play on Tablet']"
203160,Tomb Raider,"['Crystal Dynamics', 'Eidos-Montréal', 'Feral Interactive (Mac)', 'Nixxes']",False,18,"4 Mar, 2013","['Action', 'Adventure']","['Single-player', 'Multi-player', 'Steam Achievements', 'Full controller support', 'Steam Trading Cards', 'Steam Cloud', 'Remote Play on Phone', 'Remote Play on Tablet', 'Remote Play on TV']"
377160,Fallout 4,['Bethesda Game Studios'],False,17,"9 Nov, 2015",['RPG'],"['Single-player', 'Steam Achievements', 'Full controller support', 'Steam Cloud', 'Remote Play on Phone', 'Remote Play on Tablet', 'Remote Play on TV']"
289070,Sid Meier’s Civilization® VI,"['Firaxis Games', 'Aspyr (Mac)', 'Aspyr (Linux)']",False,0,"20 Oct, 2016",['Strategy'],"['Single-player', 'Multi-player', 'PvP', 'Online PvP', 'LAN PvP', 'Shared/Split Screen PvP', 'Shared/Split Screen', 'Cross-Platform Multiplayer', 'Steam Achievements', 'Steam Trading Cards', 'Steam Workshop', 'Steam Turn Notifications', 'Remote Play on Tablet', 'Remote Play Together']"
275850,No Man's Sky,['Hello Games'],False,0,"12 Aug, 2016","['Action', 'Adventure']","['Single-player', 'Multi-player', 'PvP', 'Online PvP', 'Co-op', 'Online Co-op', 'Steam Achievements', 'Full controller support', 'Tracked Controller Support', 'VR Supported', 'Steam Cloud', 'Remote Play on Tablet', 'Remote Play on TV']"
107410,Arma 3,['Bohemia Interactive'],False,0,"12 Sep, 2013","['Action', 'Simulation', 'Strategy']","['Single-player', 'Multi-player', 'PvP', 'Online PvP', 'LAN PvP', 'Co-op', 'Online Co-op', 'LAN Co-op', 'Steam Achievements', 'Steam Trading Cards', 'Captions available', 'Steam Workshop', 'Partial Controller Support', 'Steam Leaderboards', 'Includes level editor']"
108600,Project Zomboid,['The Indie Stone'],False,0,"8 Nov, 2013","['Indie', 'RPG', 'Simulation', 'Early Access']","['Single-player', 'Multi-player', 'PvP', 'Online PvP', 'Co-op', 'Online Co-op', 'Shared/Split Screen Co-op', 'Shared/Split Screen', 'Cross-Platform Multiplayer', 'Steam Trading Cards', 'Steam Workshop', 'Partial Controller Support', 'Remote Play Together']"
333930,Dirty Bomb®,['Splash Damage'],True,0,Jun 2015,"['Action', 'Free to Play']","['Multi-player', 'PvP', 'Online PvP', 'Steam Achievements', 'Steam Trading Cards', 'In-App Purchases']"
632360,Risk of Rain 2,['Hopoo Games'],False,0,"11 Aug, 2020","['Action', 'Indie']","['Single-player', 'Multi-player', 'PvP', 'Online PvP', 'Co-op', 'Online Co-op', 'Full controller support', 'Steam Cloud', 'Steam Leaderboards', 'Remote Play on Phone', 'Remote Play on Tablet', 'Remote Play on TV']"
588430,Fallout Shelter,['Bethesda Game Studios'],True,0,"29 Mar, 2017","['Free to Play', 'RPG', 'Simulation']","['Single-player', 'Steam Achievements', 'Full controller support', 'In-App Purchases', 'Steam Cloud', 'Stats']"
250900,The Binding of Isaac: Rebirth,"['Nicalis, Inc.', 'Edmund McMillen']",False,16,"4 Nov, 2014",['Action'],"['Single-player', 'Multi-player', 'Shared/Split Screen', 'Steam Achievements', 'Full controller support', 'Steam Trading Cards', 'Steam Cloud', 'Remote Play on TV', 'Remote Play Together']"
40,Deathmatch Classic,['Valve'],False,0,"1 Jun, 2001",['Action'],"['Multi-player', 'PvP', 'Online PvP', 'Shared/Split Screen PvP', 'Valve Anti-Cheat enabled', 'Remote Play Together']"
12210,Grand Theft Auto IV: Complete Edition,"['Rockstar North', 'Rockstar Toronto']",False,0,,"['Action', 'Adventure']","['Single-player', 'Multi-player', 'Partial Controller Support']"
219990,Grim Dawn,['Crate Entertainment'],False,0,"25 Feb, 2016","['Action', 'Adventure', 'Indie', 'RPG']","['Single-player', 'Multi-player', 'Co-op', 'Online Co-op', 'LAN Co-op', 'Steam Achievements', 'Full controller support', 'Steam Trading Cards', 'Steam Cloud', 'Remote Play on Tablet', 'Remote Play on TV']"
221100,DayZ,['Bohemia Interactive'],False,18,"13 Dec, 2018","['Action', 'Adventure', 'Massively Multiplayer']","['Multi-player', 'MMO', 'PvP', 'Online PvP', 'Co-op', 'Online Co-op', 'Steam Achievements', 'Steam Workshop', 'Steam Cloud', 'Valve Anti-Cheat enabled']"
360,Half-Life Deathmatch: Source,['Valve'],False,0,"1 May, 2006",['Action'],"['Multi-player', 'Valve Anti-Cheat enabled']"
1326470,Sons Of The Forest,['Endnight Games Ltd'],False,0,"23 Feb, 2023","['Action', 'Adventure', 'Indie', 'Simulation', 'Early Access']","['Single-player', 'Multi-player', 'Co-op', 'Online Co-op', 'Steam Achievements', 'Full controller support', 'Steam Cloud']"10180,Call of Duty®: Modern Warfare® 2 (2009),['Infinity Ward'],False,0,"11 Nov, 2009",['Action'],"['Single-player', 'Multi-player', 'Co-op', 'Steam Achievements', 'Steam Cloud', 'Valve Anti-Cheat enabled']"
10180,Call of Duty®: Modern Warfare® 2 (2009),['Infinity Ward'],False,0,"11 Nov, 2009",['Action'],"['Single-player', 'Multi-player', 'Co-op', 'Steam Achievements', 'Steam Cloud', 'Valve Anti-Cheat enabled']"
374320,DARK SOULS™ III,"['FromSoftware, Inc.']",False,0,"11 Apr, 2016",['Action'],"['Single-player', 'Multi-player', 'Co-op', 'Steam Achievements', 'Full controller support', 'Steam Trading Cards', 'Remote Play on Phone', 'Remote Play on Tablet', 'Remote Play on TV']"
417910,Street Warriors Online,['Crazy Rocks Studios'],False,0,"16 Dec, 2016","['Action', 'Massively Multiplayer', 'Simulation', 'Sports']","['Multi-player', 'PvP', 'Online PvP', 'Steam Achievements', 'Steam Trading Cards', 'In-App Purchases', 'Partial Controller Support', 'Stats']"
439700,Z1 Battle Royale: Test Server,['Daybreak Game Company'],False,0,"24 Feb, 2016",['Massively Multiplayer'],"['Multi-player', 'MMO']"
489830,The Elder Scrolls V: Skyrim Special Edition,['Bethesda Game Studios'],False,18,"27 Oct, 2016",['RPG'],"['Single-player', 'Steam Achievements', 'Partial Controller Support', 'Steam Cloud', 'Remote Play on Phone', 'Remote Play on Tablet']"
427520,Factorio,['Wube Software LTD.'],False,0,"14 Aug, 2020","['Casual', 'Indie', 'Simulation', 'Strategy']","['Single-player', 'Multi-player', 'Co-op', 'Online Co-op', 'LAN Co-op', 'Cross-Platform Multiplayer', 'Steam Achievements', 'Steam Cloud', 'Includes level editor', 'Remote Play on Tablet']"
844870,KurtzPel,['KOG'],True,0,"30 Apr, 2019","['Action', 'Free to Play', 'Early Access']","['Multi-player', 'PvP', 'Online PvP', 'Co-op', 'Online Co-op', 'Steam Achievements', 'Full controller support', 'In-App Purchases']"
273350,Evolve Stage 2,['Turtle Rock Studios'],False,16,"10 Feb, 2015","['Action', 'Free to Play']","['Single-player', 'Multi-player', 'Co-op', 'Full controller support', 'Steam Trading Cards', 'Valve Anti-Cheat enabled']"
365590,Tom Clancy’s The Division™,['Massive Entertainment'],False,18,"7 Mar, 2016","['Action', 'Adventure', 'RPG']","['Single-player', 'Multi-player', 'Co-op', 'Steam Trading Cards', 'In-App Purchases']"
700330,SCP: Secret Laboratory,['Northwood Studios'],True,0,"29 Dec, 2017","['Action', 'Free to Play']","['Multi-player', 'PvP', 'Online PvP', 'Steam Achievements', 'Steam Cloud', 'Valve Anti-Cheat enabled']"
322170,Geometry Dash,['RobTop Games'],False,0,"22 Dec, 2014","['Action', 'Indie']","['Single-player', 'Steam Achievements', 'Steam Trading Cards', 'Partial Controller Support', 'Includes level editor', 'Remote Play on Phone', 'Remote Play on Tablet']"
363970,Clicker Heroes,['Playsaurus'],True,0,"13 May, 2015","['Adventure', 'Casual', 'Free to Play', 'Indie', 'RPG', 'Simulation', 'Strategy']","['Single-player', 'Steam Achievements', 'Steam Trading Cards', 'In-App Purchases', 'Steam Cloud', 'Stats']"
976730,Halo: The Master Chief Collection,"['343 Industries', 'Splash Damage', 'Ruffian Games', 'Bungie', 'Saber Interactive']",False,18,"Dec 3, 2019",['Action'],"['Single-player', 'Multi-player', 'PvP', 'Online PvP', 'LAN PvP', 'Co-op', 'Online Co-op', 'LAN Co-op', 'Cross-Platform Multiplayer', 'Steam Achievements', 'Full controller support', 'Steam Trading Cards', 'Steam Workshop', 'Remote Play on Phone', 'Remote Play on Tablet', 'Remote Play on TV']"
285800,Braveland,['Tortuga Team'],False,0,"17 Mar, 2014","['Adventure', 'Casual', 'Indie', 'RPG', 'Strategy']","['Single-player', 'Steam Achievements', 'Full controller support', 'Steam Trading Cards', 'Steam Cloud', 'Steam Leaderboards', 'Remote Play on Phone', 'Remote Play on Tablet', 'Remote Play on TV']"
2630,Call of Duty® 2,['Infinity Ward'],False,0,"13 Oct, 2006",['Action'],"['Single-player', 'Multi-player']"
1172620,Sea of Thieves,['Rare Ltd'],False,0,"3 Jun, 2020","['Action', 'Adventure']","['Multi-player', 'PvP', 'Online PvP', 'Co-op', 'Online Co-op', 'Cross-Platform Multiplayer', 'Steam Achievements', 'Steam Trading Cards', 'In-App Purchases', 'Partial Controller Support', 'Remote Play on Phone', 'Remote Play on Tablet']"
253710,theHunter Classic,"['Expansive Worlds', 'Avalanche Studios']",True,0,"3 Jun, 2014","['Action', 'Adventure', 'Free to Play', 'Simulation', 'Sports']","['Single-player', 'Multi-player', 'Co-op', 'Online Co-op', 'Steam Achievements', 'In-App Purchases']"
219640,Chivalry: Medieval Warfare,['Torn Banner Studios'],False,0,"16 Oct, 2012","['Action', 'Indie']","['Multi-player', 'Steam Achievements', 'Full controller support', 'Steam Trading Cards', 'Steam Workshop', 'Valve Anti-Cheat enabled', 'Includes level editor', 'Remote Play on TV']"
306130,The Elder Scrolls® Online,['ZeniMax Online Studios'],False,18,"22 May, 2017","['Action', 'Adventure', 'Massively Multiplayer', 'RPG']","['Multi-player', 'MMO', 'PvP', 'Online PvP', 'Co-op', 'Online Co-op', 'Steam Trading Cards', 'Captions available', 'In-App Purchases', 'Partial Controller Support']"
813820,Realm Royale Reforged,['Heroic Leap Games'],True,0,"5 Jun, 2018","['Action', 'Free to Play', 'Early Access']","['Multi-player', 'PvP', 'Online PvP', 'Partial Controller Support']"
594570,Total War: WARHAMMER II,"['CREATIVE ASSEMBLY', 'Feral Interactive (Mac)', 'Feral Interactive (Linux)']",False,0,"28 Sep, 2017","['Action', 'Strategy']","['Single-player', 'Multi-player', 'PvP', 'Online PvP', 'LAN PvP', 'Co-op', 'Online Co-op', 'LAN Co-op', 'Steam Achievements', 'Steam Trading Cards', 'Steam Workshop', 'Remote Play on Tablet']"
319630,Life is Strange - Episode 1,"['DONTNOD Entertainment', 'Feral Interactive (Mac)', 'Feral Interactive (Linux)']",True,16,"29 Jan, 2015","['Action', 'Adventure']","['Single-player', 'Steam Achievements', 'Full controller support', 'Steam Trading Cards', 'Steam Cloud', 'Remote Play on Phone', 'Remote Play on Tablet', 'Remote Play on TV']"
221380,Age of Empires II (2013),"['Skybox Labs', 'Hidden Path Entertainment', 'Ensemble Studios', 'Forgotten Empires']",False,0,"9 Apr, 2013",['Strategy'],"['Single-player', 'Multi-player', 'Steam Achievements', 'Steam Trading Cards', 'Captions available', 'Steam Workshop', 'Steam Cloud', 'Stats', 'Steam Leaderboards', 'Includes level editor']"
12120,Grand Theft Auto: San Andreas,['Rockstar Games'],False,18,"4 Jan, 2008",['Action'],['Single-player']
109600,Neverwinter,['Cryptic Studios'],True,0,"5 Dec, 2013","['Action', 'Adventure', 'Free to Play', 'Massively Multiplayer', 'RPG']","['Single-player', 'Multi-player', 'MMO', 'PvP', 'Online PvP', 'Co-op', 'Online Co-op', 'Steam Trading Cards', 'In-App Purchases', 'Includes level editor']"
883710,Resident Evil 2,"['CAPCOM Co., Ltd.']",False,18,"24 Jan, 2019",['Action'],"['Single-player', 'Steam Achievements', 'Full controller support', 'Steam Trading Cards', 'Steam Cloud', 'Remote Play on Tablet', 'Remote Play on TV']"
20,Team Fortress Classic,['Valve'],False,0,"1 Apr, 1999",['Action'],"['Multi-player', 'PvP', 'Online PvP', 'Shared/Split Screen PvP', 'Valve Anti-Cheat enabled', 'Remote Play Together']"
311210,Call of Duty®: Black Ops III,"['Treyarch', 'Aspyr (Mac)']",False,18,"5 Nov, 2015","['Action', 'Adventure']","['Single-player', 'Multi-player', 'Co-op', 'Shared/Split Screen', 'Steam Achievements', 'Full controller support', 'Steam Trading Cards', 'Steam Workshop', 'Valve Anti-Cheat enabled', 'Steam Leaderboards', 'Remote Play on Phone', 'Remote Play on Tablet', 'Remote Play on TV', 'Remote Play Together']"
238460,BattleBlock Theater®,['The Behemoth'],False,0,"15 May, 2014","['Action', 'Adventure', 'Casual', 'Indie']","['Single-player', 'Multi-player', 'PvP', 'Online PvP', 'Shared/Split Screen PvP', 'Co-op', 'Online Co-op', 'Shared/Split Screen Co-op', 'Shared/Split Screen', 'Steam Achievements', 'Full controller support', 'Steam Trading Cards', 'Steam Workshop', 'Steam Cloud', 'Stats', 'Steam Leaderboards', 'Includes level editor', 'Remote Play on Phone', 'Remote Play on Tablet', 'Remote Play on TV', 'Remote Play Together']"
268500,XCOM® 2,"['Firaxis Games', 'Feral Interactive (Mac)', 'Feral Interactive (Linux)']",False,0,"4 Feb, 2016",['Strategy'],"['Single-player', 'Steam Achievements', 'Steam Trading Cards', 'Steam Workshop', 'Steam Cloud', 'Remote Play on Tablet']"
231430,Company of Heroes 2,"['Relic Entertainment', 'Feral Interactive (Mac)', 'Feral Interactive (Linux)']",False,18,"25 Jun, 2013",['Strategy'],"['Single-player', 'Multi-player', 'PvP', 'Online PvP', 'Co-op', 'Online Co-op', 'Steam Achievements', 'Steam Trading Cards', 'Steam Workshop', 'Steam Cloud', 'Stats']"
1238810,Battlefield™ V,['DICE'],False,0,"22 Oct, 2020",['Action'],"['Single-player', 'Multi-player', 'PvP', 'Online PvP', 'Steam Achievements', 'Full controller support', 'Steam Trading Cards']"
863550,HITMAN™ 2,['IO Interactive A/S'],False,0,"13 Nov, 2018",['Action'],"['Single-player', 'Multi-player', 'Co-op', 'Online Co-op', 'Steam Achievements', 'Full controller support', 'Steam Trading Cards', 'Steam Cloud', 'Remote Play on Phone', 'Remote Play on Tablet', 'Remote Play on TV']"
555570,Infestation: The New Z,['Fredaikis AB'],True,0,"22 Nov, 2016","['Action', 'Free to Play', 'Indie', 'Massively Multiplayer', 'RPG']","['Multi-player', 'MMO', 'PvP', 'Online PvP', 'Co-op', 'Online Co-op', 'Steam Achievements', 'Steam Trading Cards', 'In-App Purchases']"
22380,Fallout: New Vegas,['Obsidian Entertainment'],False,17,"21 Oct, 2010","['Action', 'RPG']","['Single-player', 'Steam Achievements', 'Partial Controller Support', 'Steam Leaderboards', 'Remote Play on Phone', 'Remote Play on Tablet']"
594650,Hunt: Showdown,['Crytek'],False,18,"27 Aug, 2019",['Action'],"['Multi-player', 'PvP', 'Online PvP', 'Co-op', 'Online Co-op', 'Steam Achievements', 'Full controller support', 'Steam Trading Cards', 'In-App Purchases', 'Steam Leaderboards', 'Remote Play on Tablet', 'Remote Play on TV']"
300,Day of Defeat: Source,['Valve'],False,0,"12 Jul, 2010",['Action'],"['Multi-player', 'Cross-Platform Multiplayer', 'Steam Achievements', 'Steam Trading Cards', 'Valve Anti-Cheat enabled', 'Stats', 'Includes Source SDK']"
8870,BioShock Infinite,"['Irrational Games', 'Virtual Programming (Linux)']",False,17,"25 Mar, 2013",['Action'],"['Single-player', 'Steam Achievements', 'Full controller support', 'Steam Trading Cards', 'Steam Cloud', 'Remote Play on Tablet', 'Remote Play on TV']"
1145360,Hades,['Supergiant Games'],False,0,"17 Sep, 2020","['Action', 'Indie', 'RPG']","['Single-player', 'Full controller support', 'Steam Trading Cards', 'Captions available', 'Steam Cloud', 'Remote Play on Phone', 'Remote Play on Tablet', 'Remote Play on TV']"
1100600,Football Manager 2020,['Sports Interactive'],False,0,"19 Nov, 2019","['Simulation', 'Sports']","['Single-player', 'Multi-player', 'Steam Achievements', 'Steam Workshop', 'Steam Cloud', 'Steam Leaderboards']"
346900,AdVenture Capitalist,['Hyper Hippo Games'],True,0,"30 Mar, 2015","['Casual', 'Free to Play', 'Indie']","['Single-player', 'Steam Achievements', 'Steam Trading Cards', 'Steam Cloud']"
435150,Divinity: Original Sin 2 - Definitive Edition,['Larian Studios'],False,0,"14 Sep, 2017","['Adventure', 'RPG', 'Strategy']","['Single-player', 'Multi-player', 'PvP', 'Online PvP', 'Shared/Split Screen PvP', 'Co-op', 'Online Co-op', 'Shared/Split Screen Co-op', 'Shared/Split Screen', 'Steam Achievements', 'Full controller support', 'Steam Trading Cards', 'Captions available', 'Steam Workshop', 'Steam Cloud', 'Includes level editor', 'Remote Play on Tablet', 'Remote Play on TV', 'Remote Play Together']"
677620,Splitgate,['1047 Games'],True,0,"24 May, 2019","['Action', 'Free to Play', 'Indie']","['Single-player', 'Multi-player', 'PvP', 'Online PvP', 'Cross-Platform Multiplayer', 'Steam Achievements', 'Full controller support', 'Captions available', 'In-App Purchases']"
233450,Prison Architect,"['Double Eleven', 'Introversion Software']",False,16,"6 Oct, 2015","['Indie', 'Simulation', 'Strategy']","['Single-player', 'Steam Achievements', 'Steam Trading Cards', 'Steam Workshop', 'Steam Cloud', 'Includes level editor']"
394360,Hearts of Iron IV,['Paradox Development Studio'],False,0,"6 Jun, 2016","['Simulation', 'Strategy']","['Single-player', 'Multi-player', 'Co-op', 'Cross-Platform Multiplayer', 'Steam Achievements', 'Steam Trading Cards', 'Steam Workshop', 'Steam Cloud', 'Remote Play on Tablet']"
420,Half-Life 2: Episode Two,['Valve'],False,0,"10 Oct, 2007",['Action'],"['Single-player', 'Steam Achievements', 'Captions available', 'Partial Controller Support', 'Steam Cloud', 'Stats', 'Includes Source SDK', 'Commentary available', 'Remote Play Together']"
1286830,STAR WARS™: The Old Republic™,['BioWare'],True,0,"21 Jul, 2020","['Free to Play', 'Massively Multiplayer', 'RPG']","['Multi-player', 'MMO', 'PvP', 'Co-op', 'Steam Achievements', 'Steam Trading Cards', 'In-App Purchases']"
12210,Grand Theft Auto IV: The Complete Edition,"['Rockstar North', 'Rockstar Toronto']",False,0,"24 Mar, 2020","['Action', 'Adventure']","['Single-player', 'Multi-player', 'Partial Controller Support', 'Remote Play on Phone', 'Remote Play on Tablet']"
224260,No More Room in Hell,['No More Room in Hell Team'],True,0,"31 Oct, 2013","['Action', 'Free to Play', 'Indie']","['Multi-player', 'Co-op', 'Cross-Platform Multiplayer', 'Steam Achievements', 'Captions available', 'VR Support', 'Steam Workshop', 'Partial Controller Support', 'Steam Cloud', 'Valve Anti-Cheat enabled', 'Includes level editor', 'Includes Source SDK']"
629760,MORDHAU,['Triternion'],False,0,"29 Apr, 2019","['Action', 'Indie']","['Multi-player', 'PvP', 'Online PvP', 'Co-op', 'Online Co-op', 'Steam Achievements', 'Steam Trading Cards', 'Steam Cloud', 'Valve Anti-Cheat enabled', 'Stats', 'Remote Play on Phone', 'Remote Play on Tablet']"
629760,MORDHAU,['Triternion'],False,0,"29 Apr, 2019","['Action', 'Indie']","['Multi-player', 'PvP', 'Online PvP', 'Co-op', 'Online Co-op', 'Steam Achievements', 'Steam Trading Cards', 'Steam Cloud', 'Valve Anti-Cheat enabled', 'Stats', 'Remote Play on Phone', 'Remote Play on Tablet']"
1407200,World of Tanks,['Wargaming Group Limited'],True,0,"28 Apr, 2021","['Action', 'Free to Play', 'Massively Multiplayer', 'Simulation']","['Multi-player', 'MMO', 'PvP', 'Online PvP', 'Steam Achievements', 'Steam Trading Cards', 'In-App Purchases']"
15700,Oddworld: Abe's Oddysee®,['Oddworld Inhabitants'],False,0,"28 Aug, 2008",['Adventure'],"['Single-player', 'Steam Trading Cards']"
698780,Doki Doki Literature Club!,['Team Salvato'],True,0,"6 Oct, 2017","['Casual', 'Free to Play', 'Indie']","['Single-player', 'Remote Play on Phone', 'Remote Play on Tablet']"
1794680,Vampire Survivors,['poncle'],False,0,"20 Oct, 2022","['Action', 'Casual', 'Indie', 'RPG']","['Single-player', 'Steam Achievements', 'Full controller support', 'Steam Cloud']"
397900,Business Tour - Board Game with Online Multiplayer,['Creobit'],True,0,"27 Jul, 2017","['Casual', 'Free to Play', 'Indie', 'Massively Multiplayer', 'Strategy']","['Single-player', 'Multi-player', 'PvP', 'Online PvP', 'Shared/Split Screen PvP', 'Co-op', 'Online Co-op', 'Shared/Split Screen Co-op', 'Shared/Split Screen', 'Cross-Platform Multiplayer', 'Steam Achievements', 'Full controller support', 'Steam Trading Cards', 'In-App Purchases', 'Steam Leaderboards', 'Remote Play on Phone', 'Remote Play on Tablet', 'Remote Play Together']"
113400,APB Reloaded,['Reloaded Productions'],True,18,"6 Dec, 2011","['Action', 'Free to Play', 'Massively Multiplayer']","['Multi-player', 'MMO', 'Steam Achievements']"
339610,Freestyle 2: Street Basketball,['JOYCITY'],True,0,"1 Apr, 2015","['Action', 'Casual', 'Free to Play', 'Massively Multiplayer', 'Sports']","['Multi-player', 'MMO', 'PvP', 'Online PvP', 'Co-op', 'Online Co-op', 'Steam Trading Cards', 'Partial Controller Support']"
1426210,It Takes Two,['Hazelight'],False,0,"25 Mar, 2021","['Action', 'Adventure']","['Multi-player', 'Co-op', 'Online Co-op', 'Shared/Split Screen Co-op', 'Shared/Split Screen', 'Steam Achievements', 'Full controller support', 'Steam Trading Cards', 'Remote Play Together']"
601150,Devil May Cry 5,"['CAPCOM Co., Ltd.']",False,0,7. bře. 2019,['Akční'],"['Režim pro jednoho hráče', 'Režim pro více hráčů', 'Kooperace', 'Online kooperace', 'Achievementy', 'Plná podpora ovladače', 'Sběratelské karty', 'Steam Cloud', 'Remote Play na TV']"
211500,RaceRoom Racing Experience,['KW Studios'],True,0,"12 Feb, 2013","['Free to Play', 'Racing', 'Simulation', 'Sports']","['Single-player', 'Multi-player', 'PvP', 'Online PvP', 'VR Supported', 'Steam Trading Cards', 'In-App Purchases', 'Partial Controller Support']"
206420,Saints Row IV: Re-Elected,['Deep Silver Volition'],False,17,"22 Aug, 2013","['Action', 'Adventure']","['Single-player', 'Multi-player', 'Co-op', 'Online Co-op', 'Cross-Platform Multiplayer', 'Steam Achievements', 'Full controller support', 'Steam Trading Cards', 'Steam Workshop', 'Steam Cloud', 'Remote Play on TV']"
379720,DOOM,['id Software'],False,18,"12 May, 2016",['Action'],"['Single-player', 'Multi-player', 'Co-op', 'Steam Achievements', 'Steam Trading Cards', 'Partial Controller Support', 'Steam Cloud', 'Remote Play on Phone', 'Remote Play on Tablet']"
252130,Divide By Sheep,"['Victor Solodilov', 'Denis Novikov']",False,0,"2 Jul, 2015","['Adventure', 'Casual', 'Indie']","['Single-player', 'Steam Achievements', 'Steam Trading Cards']"
526870,Satisfactory,['Coffee Stain Studios'],False,0,"8 Jun, 2020","['Adventure', 'Indie', 'Simulation', 'Strategy', 'Early Access']","['Single-player', 'Multi-player', 'Co-op', 'Online Co-op', 'Cross-Platform Multiplayer', 'Steam Cloud', 'Remote Play on Tablet']"
3590,Plants vs. Zombies GOTY Edition,"['PopCap Games, Inc.']",False,0,"5 May, 2009",['Strategy'],"['Single-player', 'Steam Achievements', 'Remote Play on Phone', 'Remote Play on Tablet']"
1250,Killing Floor,['Tripwire Interactive'],False,0,"14 May, 2009",['Action'],"['Single-player', 'Multi-player', 'Co-op', 'Cross-Platform Multiplayer', 'Steam Achievements', 'Steam Trading Cards', 'Steam Workshop', 'Valve Anti-Cheat enabled', 'Stats', 'Includes level editor']"
265630,Fistful of Frags,['Fistful of Frags Team'],True,0,"9 May, 2014","['Action', 'Free to Play', 'Indie']","['Multi-player', 'PvP', 'Online PvP', 'LAN PvP', 'Co-op', 'Online Co-op', 'LAN Co-op', 'Cross-Platform Multiplayer', 'Steam Achievements', 'Steam Workshop', 'Stats', 'Steam Leaderboards', 'Includes level editor', 'Includes Source SDK', 'Remote Play Together']"
424840,Little Nightmares,['Tarsier Studios'],False,0,"27 Apr, 2017",['Adventure'],"['Single-player', 'Steam Achievements', 'Full controller support', 'Steam Trading Cards', 'Steam Cloud', 'Remote Play on TV']"
500,Left 4 Dead,['Valve'],False,0,"17 Nov, 2008",['Action'],"['Single-player', 'Multi-player', 'Co-op', 'Steam Achievements', 'Full controller support', 'Captions available', 'Steam Cloud', 'Valve Anti-Cheat enabled', 'Stats', 'Steam Leaderboards', 'Includes Source SDK', 'Commentary available', 'Remote Play on TV', 'Remote Play Together']"
223710,Cry of Fear,['Team Psykskallar'],True,0,"25 Apr, 2013","['Action', 'Adventure', 'Indie']","['Single-player', 'Multi-player', 'Co-op', 'Steam Cloud', 'Valve Anti-Cheat enabled']"
211820,Starbound,['Chucklefish'],False,0,"22 Jul, 2016","['Action', 'Adventure', 'Casual', 'Indie', 'RPG']","['Single-player', 'Multi-player', 'PvP', 'Online PvP', 'Co-op', 'Online Co-op', 'Cross-Platform Multiplayer', 'Steam Achievements', 'Steam Trading Cards', 'Steam Workshop']"
236850,Europa Universalis IV,"['Paradox Development Studio', 'Paradox Tinto']",False,0,"13 Aug, 2013","['Simulation', 'Strategy']","['Single-player', 'Multi-player', 'Cross-Platform Multiplayer', 'Steam Achievements', 'Steam Trading Cards', 'Steam Workshop', 'Steam Cloud']"
356190,Middle-earth™: Shadow of War™,['Monolith Productions'],False,18,"9 Oct, 2017","['Action', 'Adventure', 'RPG']","['Single-player', 'Steam Achievements', 'Full controller support', 'Steam Trading Cards', 'In-App Purchases', 'Steam Cloud']"
238320,Outlast,['Red Barrels'],False,0,"4 Sep, 2013","['Action', 'Adventure', 'Indie']","['Single-player', 'Steam Achievements', 'Full controller support', 'Steam Trading Cards', 'Captions available', 'Steam Cloud', 'Remote Play on TV']"
308600,Gene Shift Auto,['Nik Nak Studios'],True,0,"23 May, 2017","['Action', 'Free to Play', 'Indie', 'Massively Multiplayer', 'Racing', 'Early Access']","['Single-player', 'Multi-player', 'PvP', 'Online PvP', 'Co-op', 'Online Co-op', 'Steam Achievements', 'Full controller support']"
55230,Saints Row: The Third,['Volition'],False,18,"14 Nov, 2011",['Action'],"['Single-player', 'Multi-player', 'Co-op', 'Steam Achievements', 'Steam Trading Cards', 'Partial Controller Support', 'Steam Cloud', 'Remote Play on Phone', 'Remote Play on Tablet']"
779340,Total War: THREE KINGDOMS,"['CREATIVE ASSEMBLY', 'Feral Interactive (Mac)', 'Feral Interactive (Linux)']",False,0,"23 May, 2019","['Action', 'Strategy']","['Single-player', 'Multi-player', 'PvP', 'Online PvP', 'LAN PvP', 'Co-op', 'Online Co-op', 'LAN Co-op', 'Steam Achievements', 'Steam Trading Cards', 'Steam Cloud']"
552500,Warhammer: Vermintide 2,['Fatshark'],False,0,"8 Mar, 2018","['Action', 'Indie']","['Single-player', 'Multi-player', 'Co-op', 'Online Co-op', 'Steam Achievements', 'Steam Trading Cards', 'Partial Controller Support']"
534380,Dying Light 2 Stay Human,['Techland'],False,0,"3 Feb, 2022","['Action', 'Adventure', 'RPG']","['Single-player', 'Multi-player', 'Co-op', 'Online Co-op', 'Steam Achievements', 'Full controller support', 'Steam Trading Cards', 'Steam Cloud', 'Remote Play on TV']"
268910,Cuphead,['Studio MDHR Entertainment Inc.'],False,0,"29 Sep, 2017","['Action', 'Indie']","['Single-player', 'Multi-player', 'Co-op', 'Shared/Split Screen Co-op', 'Shared/Split Screen', 'Steam Achievements', 'Full controller support', 'Steam Trading Cards', 'Steam Cloud', 'Remote Play on Phone', 'Remote Play on Tablet', 'Remote Play on TV', 'Remote Play Together']"
8190,Just Cause 2,['Avalanche Studios'],False,18,"23 Mar, 2010","['Action', 'Adventure']","['Single-player', 'Steam Achievements', 'Full controller support', 'Steam Cloud', 'Remote Play on TV']"
407530,ARK: The Survival Of The Fittest,"['Studio Wildcard', 'Instinct Games', 'Efecto Studios', 'Virtual Basement LLC']",False,0,"29 Aug, 2017","['Action', 'Adventure', 'Indie', 'Massively Multiplayer', 'RPG', 'Strategy']","['Multi-player', 'Co-op', 'Steam Workshop', 'Partial Controller Support', 'Stats', 'Steam Leaderboards', 'Includes level editor']"
42910,Magicka,['Arrowhead Game Studios'],False,0,"25 Jan, 2011","['Action', 'RPG']","['Single-player', 'Multi-player', 'Co-op', 'Shared/Split Screen', 'Steam Achievements', 'Full controller support', 'Steam Trading Cards', 'Steam Leaderboards', 'Remote Play on Phone', 'Remote Play on Tablet', 'Remote Play on TV', 'Remote Play Together']"
355840,Survarium,['Vostok Games'],False,16,"2 Apr, 2015","['Action', 'Free to Play', 'Massively Multiplayer', 'RPG', 'Early Access']","['Multi-player', 'MMO', 'PvP', 'Online PvP', 'Co-op', 'Online Co-op', 'Steam Achievements', 'Steam Trading Cards']"
630,Alien Swarm,['Valve'],True,0,"19 Jul, 2010",['Action'],"['Single-player', 'Multi-player', 'Co-op', 'Steam Achievements', 'Captions available', 'Steam Cloud', 'Stats', 'Includes level editor', 'Remote Play Together']"
391540,Undertale,['tobyfox'],False,0,"15 Sep, 2015","['Indie', 'RPG']","['Single-player', 'Steam Trading Cards', 'Remote Play on Phone', 'Remote Play on Tablet']"
6060,"Star Wars: Battlefront 2 (Classic, 2005)",['Pandemic Studios'],False,0,"8 Jul, 2009",['Action'],"['Single-player', 'Multi-player', 'PvP', 'Online PvP', 'Partial Controller Support', 'Steam Cloud']"
294100,RimWorld,['Ludeon Studios'],False,0,"17 Oct, 2018","['Indie', 'Simulation', 'Strategy']","['Single-player', 'Steam Workshop', 'Steam Cloud', 'Remote Play on Tablet']"
504370,Battlerite,['Stunlock Studios'],True,0,"8 Nov, 2017","['Action', 'Free to Play']","['Single-player', 'Multi-player', 'PvP', 'Online PvP', 'In-App Purchases', 'Steam Cloud']"
513710,SCUM,['Gamepires'],False,0,"29 Aug, 2018","['Action', 'Adventure', 'Indie', 'Massively Multiplayer', 'Early Access']","['Single-player', 'Multi-player', 'MMO', 'PvP', 'Online PvP', 'Co-op', 'Online Co-op', 'Steam Achievements', 'Steam Trading Cards', 'Stats']"
57300,Amnesia: The Dark Descent,['Frictional Games'],False,0,"8 Sep, 2010","['Action', 'Adventure', 'Indie']","['Single-player', 'Steam Achievements', 'Full controller support', 'Captions available', 'Includes level editor', 'Commentary available', 'Remote Play on Phone', 'Remote Play on Tablet', 'Remote Play on TV', 'Remote Play Together']"
222880,Insurgency,['New World Interactive'],False,0,"22 Jan, 2014","['Action', 'Indie', 'Strategy']","['Multi-player', 'Co-op', 'Cross-Platform Multiplayer', 'Steam Achievements', 'Full controller support', 'Steam Trading Cards', 'Steam Workshop', 'Valve Anti-Cheat enabled', 'Includes level editor']"
225540,Just Cause™ 3,['Avalanche Studios'],False,18,"30 Nov, 2015","['Action', 'Adventure']","['Single-player', 'Steam Achievements', 'Full controller support', 'Steam Trading Cards', 'Remote Play on Phone', 'Remote Play on Tablet', 'Remote Play on TV']"
284160,BeamNG.drive,['BeamNG'],False,0,"29 May, 2015","['Racing', 'Simulation', 'Early Access']","['Single-player', 'Steam Achievements', 'Steam Trading Cards', 'Partial Controller Support', 'Steam Cloud', 'Includes level editor', 'Remote Play on Phone', 'Remote Play on Tablet', 'Remote Play Together']"
200210,Realm of the Mad God Exalt,"['Wild Shadow Studios', 'Deca Games']",True,0,"20 Feb, 2012","['Action', 'Free to Play', 'Indie', 'Massively Multiplayer', 'RPG']","['Multi-player', 'MMO', 'Co-op', 'Online Co-op', 'Steam Achievements', 'In-App Purchases', 'Stats']"
